index	country_pair
0	('canada', 'united_states')
1	('canada', 'bermuda')
2	('canada', 'mexico')
3	('canada', 'belize')
4	('canada', 'guatemala')
5	('canada', 'honduras')
6	('canada', 'el_salvador')
7	('canada', 'nicaragua')
8	('canada', 'costa_rica')
9	('canada', 'panama')
10	('canada', 'bahamas')
11	('canada', 'cuba')
12	('canada', 'turks_caicos_islands')
13	('canada', 'cayman_islands')
14	('canada', 'jamaica')
15	('canada', 'haiti')
16	('canada', 'dominican_republic')
17	('canada', 'puerto_rico')
18	('canada', 'united_states_virgin_islands')
19	('canada', 'saint_kitts_nevis')
20	('canada', 'antigua_barbuda')
21	('canada', 'guadeloupe')
22	('canada', 'dominica')
23	('canada', 'martinique')
24	('canada', 'saint_lucia')
25	('canada', 'saint_vincent_grenadines')
26	('canada', 'barbados')
27	('canada', 'grenada')
28	('canada', 'trinidad_tobago')
29	('canada', 'curacao')
30	('canada', 'aruba')
31	('canada', 'french_guiana')
32	('canada', 'suriname')
33	('canada', 'guyana')
34	('canada', 'venezuela')
35	('canada', 'colombia')
36	('canada', 'ecuador')
37	('canada', 'peru')
38	('canada', 'bolivia')
39	('canada', 'brazil')
40	('canada', 'paraguay')
41	('canada', 'uruguay')
42	('canada', 'argentina')
43	('canada', 'chile')
44	('united_states', 'bermuda')
45	('united_states', 'mexico')
46	('united_states', 'belize')
47	('united_states', 'guatemala')
48	('united_states', 'honduras')
49	('united_states', 'el_salvador')
50	('united_states', 'nicaragua')
51	('united_states', 'costa_rica')
52	('united_states', 'panama')
53	('united_states', 'bahamas')
54	('united_states', 'cuba')
55	('united_states', 'turks_caicos_islands')
56	('united_states', 'cayman_islands')
57	('united_states', 'jamaica')
58	('united_states', 'haiti')
59	('united_states', 'dominican_republic')
60	('united_states', 'puerto_rico')
61	('united_states', 'united_states_virgin_islands')
62	('united_states', 'saint_kitts_nevis')
63	('united_states', 'antigua_barbuda')
64	('united_states', 'guadeloupe')
65	('united_states', 'dominica')
66	('united_states', 'martinique')
67	('united_states', 'saint_lucia')
68	('united_states', 'saint_vincent_grenadines')
69	('united_states', 'barbados')
70	('united_states', 'grenada')
71	('united_states', 'trinidad_tobago')
72	('united_states', 'curacao')
73	('united_states', 'aruba')
74	('united_states', 'french_guiana')
75	('united_states', 'suriname')
76	('united_states', 'guyana')
77	('united_states', 'venezuela')
78	('united_states', 'colombia')
79	('united_states', 'ecuador')
80	('united_states', 'peru')
81	('united_states', 'bolivia')
82	('united_states', 'brazil')
83	('united_states', 'paraguay')
84	('united_states', 'uruguay')
85	('united_states', 'argentina')
86	('united_states', 'chile')
87	('bermuda', 'mexico')
88	('bermuda', 'belize')
89	('bermuda', 'guatemala')
90	('bermuda', 'honduras')
91	('bermuda', 'el_salvador')
92	('bermuda', 'nicaragua')
93	('bermuda', 'costa_rica')
94	('bermuda', 'panama')
95	('bermuda', 'bahamas')
96	('bermuda', 'cuba')
97	('bermuda', 'turks_caicos_islands')
98	('bermuda', 'cayman_islands')
99	('bermuda', 'jamaica')
100	('bermuda', 'haiti')
101	('bermuda', 'dominican_republic')
102	('bermuda', 'puerto_rico')
103	('bermuda', 'united_states_virgin_islands')
104	('bermuda', 'saint_kitts_nevis')
105	('bermuda', 'antigua_barbuda')
106	('bermuda', 'guadeloupe')
107	('bermuda', 'dominica')
108	('bermuda', 'martinique')
109	('bermuda', 'saint_lucia')
110	('bermuda', 'saint_vincent_grenadines')
111	('bermuda', 'barbados')
112	('bermuda', 'grenada')
113	('bermuda', 'trinidad_tobago')
114	('bermuda', 'curacao')
115	('bermuda', 'aruba')
116	('bermuda', 'french_guiana')
117	('bermuda', 'suriname')
118	('bermuda', 'guyana')
119	('bermuda', 'venezuela')
120	('bermuda', 'colombia')
121	('bermuda', 'ecuador')
122	('bermuda', 'peru')
123	('bermuda', 'bolivia')
124	('bermuda', 'brazil')
125	('bermuda', 'paraguay')
126	('bermuda', 'uruguay')
127	('bermuda', 'argentina')
128	('bermuda', 'chile')
129	('mexico', 'belize')
130	('mexico', 'guatemala')
131	('mexico', 'honduras')
132	('mexico', 'el_salvador')
133	('mexico', 'nicaragua')
134	('mexico', 'costa_rica')
135	('mexico', 'panama')
136	('mexico', 'bahamas')
137	('mexico', 'cuba')
138	('mexico', 'turks_caicos_islands')
139	('mexico', 'cayman_islands')
140	('mexico', 'jamaica')
141	('mexico', 'haiti')
142	('mexico', 'dominican_republic')
143	('mexico', 'puerto_rico')
144	('mexico', 'united_states_virgin_islands')
145	('mexico', 'saint_kitts_nevis')
146	('mexico', 'antigua_barbuda')
147	('mexico', 'guadeloupe')
148	('mexico', 'dominica')
149	('mexico', 'martinique')
150	('mexico', 'saint_lucia')
151	('mexico', 'saint_vincent_grenadines')
152	('mexico', 'barbados')
153	('mexico', 'grenada')
154	('mexico', 'trinidad_tobago')
155	('mexico', 'curacao')
156	('mexico', 'aruba')
157	('mexico', 'french_guiana')
158	('mexico', 'suriname')
159	('mexico', 'guyana')
160	('mexico', 'venezuela')
161	('mexico', 'colombia')
162	('mexico', 'ecuador')
163	('mexico', 'peru')
164	('mexico', 'bolivia')
165	('mexico', 'brazil')
166	('mexico', 'paraguay')
167	('mexico', 'uruguay')
168	('mexico', 'argentina')
169	('mexico', 'chile')
170	('belize', 'guatemala')
171	('belize', 'honduras')
172	('belize', 'el_salvador')
173	('belize', 'nicaragua')
174	('belize', 'costa_rica')
175	('belize', 'panama')
176	('belize', 'bahamas')
177	('belize', 'cuba')
178	('belize', 'turks_caicos_islands')
179	('belize', 'cayman_islands')
180	('belize', 'jamaica')
181	('belize', 'haiti')
182	('belize', 'dominican_republic')
183	('belize', 'puerto_rico')
184	('belize', 'united_states_virgin_islands')
185	('belize', 'saint_kitts_nevis')
186	('belize', 'antigua_barbuda')
187	('belize', 'guadeloupe')
188	('belize', 'dominica')
189	('belize', 'martinique')
190	('belize', 'saint_lucia')
191	('belize', 'saint_vincent_grenadines')
192	('belize', 'barbados')
193	('belize', 'grenada')
194	('belize', 'trinidad_tobago')
195	('belize', 'curacao')
196	('belize', 'aruba')
197	('belize', 'french_guiana')
198	('belize', 'suriname')
199	('belize', 'guyana')
200	('belize', 'venezuela')
201	('belize', 'colombia')
202	('belize', 'ecuador')
203	('belize', 'peru')
204	('belize', 'bolivia')
205	('belize', 'brazil')
206	('belize', 'paraguay')
207	('belize', 'uruguay')
208	('belize', 'argentina')
209	('belize', 'chile')
210	('guatemala', 'honduras')
211	('guatemala', 'el_salvador')
212	('guatemala', 'nicaragua')
213	('guatemala', 'costa_rica')
214	('guatemala', 'panama')
215	('guatemala', 'bahamas')
216	('guatemala', 'cuba')
217	('guatemala', 'turks_caicos_islands')
218	('guatemala', 'cayman_islands')
219	('guatemala', 'jamaica')
220	('guatemala', 'haiti')
221	('guatemala', 'dominican_republic')
222	('guatemala', 'puerto_rico')
223	('guatemala', 'united_states_virgin_islands')
224	('guatemala', 'saint_kitts_nevis')
225	('guatemala', 'antigua_barbuda')
226	('guatemala', 'guadeloupe')
227	('guatemala', 'dominica')
228	('guatemala', 'martinique')
229	('guatemala', 'saint_lucia')
230	('guatemala', 'saint_vincent_grenadines')
231	('guatemala', 'barbados')
232	('guatemala', 'grenada')
233	('guatemala', 'trinidad_tobago')
234	('guatemala', 'curacao')
235	('guatemala', 'aruba')
236	('guatemala', 'french_guiana')
237	('guatemala', 'suriname')
238	('guatemala', 'guyana')
239	('guatemala', 'venezuela')
240	('guatemala', 'colombia')
241	('guatemala', 'ecuador')
242	('guatemala', 'peru')
243	('guatemala', 'bolivia')
244	('guatemala', 'brazil')
245	('guatemala', 'paraguay')
246	('guatemala', 'uruguay')
247	('guatemala', 'argentina')
248	('guatemala', 'chile')
249	('honduras', 'el_salvador')
250	('honduras', 'nicaragua')
251	('honduras', 'costa_rica')
252	('honduras', 'panama')
253	('honduras', 'bahamas')
254	('honduras', 'cuba')
255	('honduras', 'turks_caicos_islands')
256	('honduras', 'cayman_islands')
257	('honduras', 'jamaica')
258	('honduras', 'haiti')
259	('honduras', 'dominican_republic')
260	('honduras', 'puerto_rico')
261	('honduras', 'united_states_virgin_islands')
262	('honduras', 'saint_kitts_nevis')
263	('honduras', 'antigua_barbuda')
264	('honduras', 'guadeloupe')
265	('honduras', 'dominica')
266	('honduras', 'martinique')
267	('honduras', 'saint_lucia')
268	('honduras', 'saint_vincent_grenadines')
269	('honduras', 'barbados')
270	('honduras', 'grenada')
271	('honduras', 'trinidad_tobago')
272	('honduras', 'curacao')
273	('honduras', 'aruba')
274	('honduras', 'french_guiana')
275	('honduras', 'suriname')
276	('honduras', 'guyana')
277	('honduras', 'venezuela')
278	('honduras', 'colombia')
279	('honduras', 'ecuador')
280	('honduras', 'peru')
281	('honduras', 'bolivia')
282	('honduras', 'brazil')
283	('honduras', 'paraguay')
284	('honduras', 'uruguay')
285	('honduras', 'argentina')
286	('honduras', 'chile')
287	('el_salvador', 'nicaragua')
288	('el_salvador', 'costa_rica')
289	('el_salvador', 'panama')
290	('el_salvador', 'bahamas')
291	('el_salvador', 'cuba')
292	('el_salvador', 'turks_caicos_islands')
293	('el_salvador', 'cayman_islands')
294	('el_salvador', 'jamaica')
295	('el_salvador', 'haiti')
296	('el_salvador', 'dominican_republic')
297	('el_salvador', 'puerto_rico')
298	('el_salvador', 'united_states_virgin_islands')
299	('el_salvador', 'saint_kitts_nevis')
300	('el_salvador', 'antigua_barbuda')
301	('el_salvador', 'guadeloupe')
302	('el_salvador', 'dominica')
303	('el_salvador', 'martinique')
304	('el_salvador', 'saint_lucia')
305	('el_salvador', 'saint_vincent_grenadines')
306	('el_salvador', 'barbados')
307	('el_salvador', 'grenada')
308	('el_salvador', 'trinidad_tobago')
309	('el_salvador', 'curacao')
310	('el_salvador', 'aruba')
311	('el_salvador', 'french_guiana')
312	('el_salvador', 'suriname')
313	('el_salvador', 'guyana')
314	('el_salvador', 'venezuela')
315	('el_salvador', 'colombia')
316	('el_salvador', 'ecuador')
317	('el_salvador', 'peru')
318	('el_salvador', 'bolivia')
319	('el_salvador', 'brazil')
320	('el_salvador', 'paraguay')
321	('el_salvador', 'uruguay')
322	('el_salvador', 'argentina')
323	('el_salvador', 'chile')
324	('nicaragua', 'costa_rica')
325	('nicaragua', 'panama')
326	('nicaragua', 'bahamas')
327	('nicaragua', 'cuba')
328	('nicaragua', 'turks_caicos_islands')
329	('nicaragua', 'cayman_islands')
330	('nicaragua', 'jamaica')
331	('nicaragua', 'haiti')
332	('nicaragua', 'dominican_republic')
333	('nicaragua', 'puerto_rico')
334	('nicaragua', 'united_states_virgin_islands')
335	('nicaragua', 'saint_kitts_nevis')
336	('nicaragua', 'antigua_barbuda')
337	('nicaragua', 'guadeloupe')
338	('nicaragua', 'dominica')
339	('nicaragua', 'martinique')
340	('nicaragua', 'saint_lucia')
341	('nicaragua', 'saint_vincent_grenadines')
342	('nicaragua', 'barbados')
343	('nicaragua', 'grenada')
344	('nicaragua', 'trinidad_tobago')
345	('nicaragua', 'curacao')
346	('nicaragua', 'aruba')
347	('nicaragua', 'french_guiana')
348	('nicaragua', 'suriname')
349	('nicaragua', 'guyana')
350	('nicaragua', 'venezuela')
351	('nicaragua', 'colombia')
352	('nicaragua', 'ecuador')
353	('nicaragua', 'peru')
354	('nicaragua', 'bolivia')
355	('nicaragua', 'brazil')
356	('nicaragua', 'paraguay')
357	('nicaragua', 'uruguay')
358	('nicaragua', 'argentina')
359	('nicaragua', 'chile')
360	('costa_rica', 'panama')
361	('costa_rica', 'bahamas')
362	('costa_rica', 'cuba')
363	('costa_rica', 'turks_caicos_islands')
364	('costa_rica', 'cayman_islands')
365	('costa_rica', 'jamaica')
366	('costa_rica', 'haiti')
367	('costa_rica', 'dominican_republic')
368	('costa_rica', 'puerto_rico')
369	('costa_rica', 'united_states_virgin_islands')
370	('costa_rica', 'saint_kitts_nevis')
371	('costa_rica', 'antigua_barbuda')
372	('costa_rica', 'guadeloupe')
373	('costa_rica', 'dominica')
374	('costa_rica', 'martinique')
375	('costa_rica', 'saint_lucia')
376	('costa_rica', 'saint_vincent_grenadines')
377	('costa_rica', 'barbados')
378	('costa_rica', 'grenada')
379	('costa_rica', 'trinidad_tobago')
380	('costa_rica', 'curacao')
381	('costa_rica', 'aruba')
382	('costa_rica', 'french_guiana')
383	('costa_rica', 'suriname')
384	('costa_rica', 'guyana')
385	('costa_rica', 'venezuela')
386	('costa_rica', 'colombia')
387	('costa_rica', 'ecuador')
388	('costa_rica', 'peru')
389	('costa_rica', 'bolivia')
390	('costa_rica', 'brazil')
391	('costa_rica', 'paraguay')
392	('costa_rica', 'uruguay')
393	('costa_rica', 'argentina')
394	('costa_rica', 'chile')
395	('panama', 'bahamas')
396	('panama', 'cuba')
397	('panama', 'turks_caicos_islands')
398	('panama', 'cayman_islands')
399	('panama', 'jamaica')
400	('panama', 'haiti')
401	('panama', 'dominican_republic')
402	('panama', 'puerto_rico')
403	('panama', 'united_states_virgin_islands')
404	('panama', 'saint_kitts_nevis')
405	('panama', 'antigua_barbuda')
406	('panama', 'guadeloupe')
407	('panama', 'dominica')
408	('panama', 'martinique')
409	('panama', 'saint_lucia')
410	('panama', 'saint_vincent_grenadines')
411	('panama', 'barbados')
412	('panama', 'grenada')
413	('panama', 'trinidad_tobago')
414	('panama', 'curacao')
415	('panama', 'aruba')
416	('panama', 'french_guiana')
417	('panama', 'suriname')
418	('panama', 'guyana')
419	('panama', 'venezuela')
420	('panama', 'colombia')
421	('panama', 'ecuador')
422	('panama', 'peru')
423	('panama', 'bolivia')
424	('panama', 'brazil')
425	('panama', 'paraguay')
426	('panama', 'uruguay')
427	('panama', 'argentina')
428	('panama', 'chile')
429	('bahamas', 'cuba')
430	('bahamas', 'turks_caicos_islands')
431	('bahamas', 'cayman_islands')
432	('bahamas', 'jamaica')
433	('bahamas', 'haiti')
434	('bahamas', 'dominican_republic')
435	('bahamas', 'puerto_rico')
436	('bahamas', 'united_states_virgin_islands')
437	('bahamas', 'saint_kitts_nevis')
438	('bahamas', 'antigua_barbuda')
439	('bahamas', 'guadeloupe')
440	('bahamas', 'dominica')
441	('bahamas', 'martinique')
442	('bahamas', 'saint_lucia')
443	('bahamas', 'saint_vincent_grenadines')
444	('bahamas', 'barbados')
445	('bahamas', 'grenada')
446	('bahamas', 'trinidad_tobago')
447	('bahamas', 'curacao')
448	('bahamas', 'aruba')
449	('bahamas', 'french_guiana')
450	('bahamas', 'suriname')
451	('bahamas', 'guyana')
452	('bahamas', 'venezuela')
453	('bahamas', 'colombia')
454	('bahamas', 'ecuador')
455	('bahamas', 'peru')
456	('bahamas', 'bolivia')
457	('bahamas', 'brazil')
458	('bahamas', 'paraguay')
459	('bahamas', 'uruguay')
460	('bahamas', 'argentina')
461	('bahamas', 'chile')
462	('cuba', 'turks_caicos_islands')
463	('cuba', 'cayman_islands')
464	('cuba', 'jamaica')
465	('cuba', 'haiti')
466	('cuba', 'dominican_republic')
467	('cuba', 'puerto_rico')
468	('cuba', 'united_states_virgin_islands')
469	('cuba', 'saint_kitts_nevis')
470	('cuba', 'antigua_barbuda')
471	('cuba', 'guadeloupe')
472	('cuba', 'dominica')
473	('cuba', 'martinique')
474	('cuba', 'saint_lucia')
475	('cuba', 'saint_vincent_grenadines')
476	('cuba', 'barbados')
477	('cuba', 'grenada')
478	('cuba', 'trinidad_tobago')
479	('cuba', 'curacao')
480	('cuba', 'aruba')
481	('cuba', 'french_guiana')
482	('cuba', 'suriname')
483	('cuba', 'guyana')
484	('cuba', 'venezuela')
485	('cuba', 'colombia')
486	('cuba', 'ecuador')
487	('cuba', 'peru')
488	('cuba', 'bolivia')
489	('cuba', 'brazil')
490	('cuba', 'paraguay')
491	('cuba', 'uruguay')
492	('cuba', 'argentina')
493	('cuba', 'chile')
494	('turks_caicos_islands', 'cayman_islands')
495	('turks_caicos_islands', 'jamaica')
496	('turks_caicos_islands', 'haiti')
497	('turks_caicos_islands', 'dominican_republic')
498	('turks_caicos_islands', 'puerto_rico')
499	('turks_caicos_islands', 'united_states_virgin_islands')
500	('turks_caicos_islands', 'saint_kitts_nevis')
501	('turks_caicos_islands', 'antigua_barbuda')
502	('turks_caicos_islands', 'guadeloupe')
503	('turks_caicos_islands', 'dominica')
504	('turks_caicos_islands', 'martinique')
505	('turks_caicos_islands', 'saint_lucia')
506	('turks_caicos_islands', 'saint_vincent_grenadines')
507	('turks_caicos_islands', 'barbados')
508	('turks_caicos_islands', 'grenada')
509	('turks_caicos_islands', 'trinidad_tobago')
510	('turks_caicos_islands', 'curacao')
511	('turks_caicos_islands', 'aruba')
512	('turks_caicos_islands', 'french_guiana')
513	('turks_caicos_islands', 'suriname')
514	('turks_caicos_islands', 'guyana')
515	('turks_caicos_islands', 'venezuela')
516	('turks_caicos_islands', 'colombia')
517	('turks_caicos_islands', 'ecuador')
518	('turks_caicos_islands', 'peru')
519	('turks_caicos_islands', 'bolivia')
520	('turks_caicos_islands', 'brazil')
521	('turks_caicos_islands', 'paraguay')
522	('turks_caicos_islands', 'uruguay')
523	('turks_caicos_islands', 'argentina')
524	('turks_caicos_islands', 'chile')
525	('cayman_islands', 'jamaica')
526	('cayman_islands', 'haiti')
527	('cayman_islands', 'dominican_republic')
528	('cayman_islands', 'puerto_rico')
529	('cayman_islands', 'united_states_virgin_islands')
530	('cayman_islands', 'saint_kitts_nevis')
531	('cayman_islands', 'antigua_barbuda')
532	('cayman_islands', 'guadeloupe')
533	('cayman_islands', 'dominica')
534	('cayman_islands', 'martinique')
535	('cayman_islands', 'saint_lucia')
536	('cayman_islands', 'saint_vincent_grenadines')
537	('cayman_islands', 'barbados')
538	('cayman_islands', 'grenada')
539	('cayman_islands', 'trinidad_tobago')
540	('cayman_islands', 'curacao')
541	('cayman_islands', 'aruba')
542	('cayman_islands', 'french_guiana')
543	('cayman_islands', 'suriname')
544	('cayman_islands', 'guyana')
545	('cayman_islands', 'venezuela')
546	('cayman_islands', 'colombia')
547	('cayman_islands', 'ecuador')
548	('cayman_islands', 'peru')
549	('cayman_islands', 'bolivia')
550	('cayman_islands', 'brazil')
551	('cayman_islands', 'paraguay')
552	('cayman_islands', 'uruguay')
553	('cayman_islands', 'argentina')
554	('cayman_islands', 'chile')
555	('jamaica', 'haiti')
556	('jamaica', 'dominican_republic')
557	('jamaica', 'puerto_rico')
558	('jamaica', 'united_states_virgin_islands')
559	('jamaica', 'saint_kitts_nevis')
560	('jamaica', 'antigua_barbuda')
561	('jamaica', 'guadeloupe')
562	('jamaica', 'dominica')
563	('jamaica', 'martinique')
564	('jamaica', 'saint_lucia')
565	('jamaica', 'saint_vincent_grenadines')
566	('jamaica', 'barbados')
567	('jamaica', 'grenada')
568	('jamaica', 'trinidad_tobago')
569	('jamaica', 'curacao')
570	('jamaica', 'aruba')
571	('jamaica', 'french_guiana')
572	('jamaica', 'suriname')
573	('jamaica', 'guyana')
574	('jamaica', 'venezuela')
575	('jamaica', 'colombia')
576	('jamaica', 'ecuador')
577	('jamaica', 'peru')
578	('jamaica', 'bolivia')
579	('jamaica', 'brazil')
580	('jamaica', 'paraguay')
581	('jamaica', 'uruguay')
582	('jamaica', 'argentina')
583	('jamaica', 'chile')
584	('haiti', 'dominican_republic')
585	('haiti', 'puerto_rico')
586	('haiti', 'united_states_virgin_islands')
587	('haiti', 'saint_kitts_nevis')
588	('haiti', 'antigua_barbuda')
589	('haiti', 'guadeloupe')
590	('haiti', 'dominica')
591	('haiti', 'martinique')
592	('haiti', 'saint_lucia')
593	('haiti', 'saint_vincent_grenadines')
594	('haiti', 'barbados')
595	('haiti', 'grenada')
596	('haiti', 'trinidad_tobago')
597	('haiti', 'curacao')
598	('haiti', 'aruba')
599	('haiti', 'french_guiana')
600	('haiti', 'suriname')
601	('haiti', 'guyana')
602	('haiti', 'venezuela')
603	('haiti', 'colombia')
604	('haiti', 'ecuador')
605	('haiti', 'peru')
606	('haiti', 'bolivia')
607	('haiti', 'brazil')
608	('haiti', 'paraguay')
609	('haiti', 'uruguay')
610	('haiti', 'argentina')
611	('haiti', 'chile')
612	('dominican_republic', 'puerto_rico')
613	('dominican_republic', 'united_states_virgin_islands')
614	('dominican_republic', 'saint_kitts_nevis')
615	('dominican_republic', 'antigua_barbuda')
616	('dominican_republic', 'guadeloupe')
617	('dominican_republic', 'dominica')
618	('dominican_republic', 'martinique')
619	('dominican_republic', 'saint_lucia')
620	('dominican_republic', 'saint_vincent_grenadines')
621	('dominican_republic', 'barbados')
622	('dominican_republic', 'grenada')
623	('dominican_republic', 'trinidad_tobago')
624	('dominican_republic', 'curacao')
625	('dominican_republic', 'aruba')
626	('dominican_republic', 'french_guiana')
627	('dominican_republic', 'suriname')
628	('dominican_republic', 'guyana')
629	('dominican_republic', 'venezuela')
630	('dominican_republic', 'colombia')
631	('dominican_republic', 'ecuador')
632	('dominican_republic', 'peru')
633	('dominican_republic', 'bolivia')
634	('dominican_republic', 'brazil')
635	('dominican_republic', 'paraguay')
636	('dominican_republic', 'uruguay')
637	('dominican_republic', 'argentina')
638	('dominican_republic', 'chile')
639	('puerto_rico', 'united_states_virgin_islands')
640	('puerto_rico', 'saint_kitts_nevis')
641	('puerto_rico', 'antigua_barbuda')
642	('puerto_rico', 'guadeloupe')
643	('puerto_rico', 'dominica')
644	('puerto_rico', 'martinique')
645	('puerto_rico', 'saint_lucia')
646	('puerto_rico', 'saint_vincent_grenadines')
647	('puerto_rico', 'barbados')
648	('puerto_rico', 'grenada')
649	('puerto_rico', 'trinidad_tobago')
650	('puerto_rico', 'curacao')
651	('puerto_rico', 'aruba')
652	('puerto_rico', 'french_guiana')
653	('puerto_rico', 'suriname')
654	('puerto_rico', 'guyana')
655	('puerto_rico', 'venezuela')
656	('puerto_rico', 'colombia')
657	('puerto_rico', 'ecuador')
658	('puerto_rico', 'peru')
659	('puerto_rico', 'bolivia')
660	('puerto_rico', 'brazil')
661	('puerto_rico', 'paraguay')
662	('puerto_rico', 'uruguay')
663	('puerto_rico', 'argentina')
664	('puerto_rico', 'chile')
665	('united_states_virgin_islands', 'saint_kitts_nevis')
666	('united_states_virgin_islands', 'antigua_barbuda')
667	('united_states_virgin_islands', 'guadeloupe')
668	('united_states_virgin_islands', 'dominica')
669	('united_states_virgin_islands', 'martinique')
670	('united_states_virgin_islands', 'saint_lucia')
671	('united_states_virgin_islands', 'saint_vincent_grenadines')
672	('united_states_virgin_islands', 'barbados')
673	('united_states_virgin_islands', 'grenada')
674	('united_states_virgin_islands', 'trinidad_tobago')
675	('united_states_virgin_islands', 'curacao')
676	('united_states_virgin_islands', 'aruba')
677	('united_states_virgin_islands', 'french_guiana')
678	('united_states_virgin_islands', 'suriname')
679	('united_states_virgin_islands', 'guyana')
680	('united_states_virgin_islands', 'venezuela')
681	('united_states_virgin_islands', 'colombia')
682	('united_states_virgin_islands', 'ecuador')
683	('united_states_virgin_islands', 'peru')
684	('united_states_virgin_islands', 'bolivia')
685	('united_states_virgin_islands', 'brazil')
686	('united_states_virgin_islands', 'paraguay')
687	('united_states_virgin_islands', 'uruguay')
688	('united_states_virgin_islands', 'argentina')
689	('united_states_virgin_islands', 'chile')
690	('saint_kitts_nevis', 'antigua_barbuda')
691	('saint_kitts_nevis', 'guadeloupe')
692	('saint_kitts_nevis', 'dominica')
693	('saint_kitts_nevis', 'martinique')
694	('saint_kitts_nevis', 'saint_lucia')
695	('saint_kitts_nevis', 'saint_vincent_grenadines')
696	('saint_kitts_nevis', 'barbados')
697	('saint_kitts_nevis', 'grenada')
698	('saint_kitts_nevis', 'trinidad_tobago')
699	('saint_kitts_nevis', 'curacao')
700	('saint_kitts_nevis', 'aruba')
701	('saint_kitts_nevis', 'french_guiana')
702	('saint_kitts_nevis', 'suriname')
703	('saint_kitts_nevis', 'guyana')
704	('saint_kitts_nevis', 'venezuela')
705	('saint_kitts_nevis', 'colombia')
706	('saint_kitts_nevis', 'ecuador')
707	('saint_kitts_nevis', 'peru')
708	('saint_kitts_nevis', 'bolivia')
709	('saint_kitts_nevis', 'brazil')
710	('saint_kitts_nevis', 'paraguay')
711	('saint_kitts_nevis', 'uruguay')
712	('saint_kitts_nevis', 'argentina')
713	('saint_kitts_nevis', 'chile')
714	('antigua_barbuda', 'guadeloupe')
715	('antigua_barbuda', 'dominica')
716	('antigua_barbuda', 'martinique')
717	('antigua_barbuda', 'saint_lucia')
718	('antigua_barbuda', 'saint_vincent_grenadines')
719	('antigua_barbuda', 'barbados')
720	('antigua_barbuda', 'grenada')
721	('antigua_barbuda', 'trinidad_tobago')
722	('antigua_barbuda', 'curacao')
723	('antigua_barbuda', 'aruba')
724	('antigua_barbuda', 'french_guiana')
725	('antigua_barbuda', 'suriname')
726	('antigua_barbuda', 'guyana')
727	('antigua_barbuda', 'venezuela')
728	('antigua_barbuda', 'colombia')
729	('antigua_barbuda', 'ecuador')
730	('antigua_barbuda', 'peru')
731	('antigua_barbuda', 'bolivia')
732	('antigua_barbuda', 'brazil')
733	('antigua_barbuda', 'paraguay')
734	('antigua_barbuda', 'uruguay')
735	('antigua_barbuda', 'argentina')
736	('antigua_barbuda', 'chile')
737	('guadeloupe', 'dominica')
738	('guadeloupe', 'martinique')
739	('guadeloupe', 'saint_lucia')
740	('guadeloupe', 'saint_vincent_grenadines')
741	('guadeloupe', 'barbados')
742	('guadeloupe', 'grenada')
743	('guadeloupe', 'trinidad_tobago')
744	('guadeloupe', 'curacao')
745	('guadeloupe', 'aruba')
746	('guadeloupe', 'french_guiana')
747	('guadeloupe', 'suriname')
748	('guadeloupe', 'guyana')
749	('guadeloupe', 'venezuela')
750	('guadeloupe', 'colombia')
751	('guadeloupe', 'ecuador')
752	('guadeloupe', 'peru')
753	('guadeloupe', 'bolivia')
754	('guadeloupe', 'brazil')
755	('guadeloupe', 'paraguay')
756	('guadeloupe', 'uruguay')
757	('guadeloupe', 'argentina')
758	('guadeloupe', 'chile')
759	('dominica', 'martinique')
760	('dominica', 'saint_lucia')
761	('dominica', 'saint_vincent_grenadines')
762	('dominica', 'barbados')
763	('dominica', 'grenada')
764	('dominica', 'trinidad_tobago')
765	('dominica', 'curacao')
766	('dominica', 'aruba')
767	('dominica', 'french_guiana')
768	('dominica', 'suriname')
769	('dominica', 'guyana')
770	('dominica', 'venezuela')
771	('dominica', 'colombia')
772	('dominica', 'ecuador')
773	('dominica', 'peru')
774	('dominica', 'bolivia')
775	('dominica', 'brazil')
776	('dominica', 'paraguay')
777	('dominica', 'uruguay')
778	('dominica', 'argentina')
779	('dominica', 'chile')
780	('martinique', 'saint_lucia')
781	('martinique', 'saint_vincent_grenadines')
782	('martinique', 'barbados')
783	('martinique', 'grenada')
784	('martinique', 'trinidad_tobago')
785	('martinique', 'curacao')
786	('martinique', 'aruba')
787	('martinique', 'french_guiana')
788	('martinique', 'suriname')
789	('martinique', 'guyana')
790	('martinique', 'venezuela')
791	('martinique', 'colombia')
792	('martinique', 'ecuador')
793	('martinique', 'peru')
794	('martinique', 'bolivia')
795	('martinique', 'brazil')
796	('martinique', 'paraguay')
797	('martinique', 'uruguay')
798	('martinique', 'argentina')
799	('martinique', 'chile')
800	('saint_lucia', 'saint_vincent_grenadines')
801	('saint_lucia', 'barbados')
802	('saint_lucia', 'grenada')
803	('saint_lucia', 'trinidad_tobago')
804	('saint_lucia', 'curacao')
805	('saint_lucia', 'aruba')
806	('saint_lucia', 'french_guiana')
807	('saint_lucia', 'suriname')
808	('saint_lucia', 'guyana')
809	('saint_lucia', 'venezuela')
810	('saint_lucia', 'colombia')
811	('saint_lucia', 'ecuador')
812	('saint_lucia', 'peru')
813	('saint_lucia', 'bolivia')
814	('saint_lucia', 'brazil')
815	('saint_lucia', 'paraguay')
816	('saint_lucia', 'uruguay')
817	('saint_lucia', 'argentina')
818	('saint_lucia', 'chile')
819	('saint_vincent_grenadines', 'barbados')
820	('saint_vincent_grenadines', 'grenada')
821	('saint_vincent_grenadines', 'trinidad_tobago')
822	('saint_vincent_grenadines', 'curacao')
823	('saint_vincent_grenadines', 'aruba')
824	('saint_vincent_grenadines', 'french_guiana')
825	('saint_vincent_grenadines', 'suriname')
826	('saint_vincent_grenadines', 'guyana')
827	('saint_vincent_grenadines', 'venezuela')
828	('saint_vincent_grenadines', 'colombia')
829	('saint_vincent_grenadines', 'ecuador')
830	('saint_vincent_grenadines', 'peru')
831	('saint_vincent_grenadines', 'bolivia')
832	('saint_vincent_grenadines', 'brazil')
833	('saint_vincent_grenadines', 'paraguay')
834	('saint_vincent_grenadines', 'uruguay')
835	('saint_vincent_grenadines', 'argentina')
836	('saint_vincent_grenadines', 'chile')
837	('barbados', 'grenada')
838	('barbados', 'trinidad_tobago')
839	('barbados', 'curacao')
840	('barbados', 'aruba')
841	('barbados', 'french_guiana')
842	('barbados', 'suriname')
843	('barbados', 'guyana')
844	('barbados', 'venezuela')
845	('barbados', 'colombia')
846	('barbados', 'ecuador')
847	('barbados', 'peru')
848	('barbados', 'bolivia')
849	('barbados', 'brazil')
850	('barbados', 'paraguay')
851	('barbados', 'uruguay')
852	('barbados', 'argentina')
853	('barbados', 'chile')
854	('grenada', 'trinidad_tobago')
855	('grenada', 'curacao')
856	('grenada', 'aruba')
857	('grenada', 'french_guiana')
858	('grenada', 'suriname')
859	('grenada', 'guyana')
860	('grenada', 'venezuela')
861	('grenada', 'colombia')
862	('grenada', 'ecuador')
863	('grenada', 'peru')
864	('grenada', 'bolivia')
865	('grenada', 'brazil')
866	('grenada', 'paraguay')
867	('grenada', 'uruguay')
868	('grenada', 'argentina')
869	('grenada', 'chile')
870	('trinidad_tobago', 'curacao')
871	('trinidad_tobago', 'aruba')
872	('trinidad_tobago', 'french_guiana')
873	('trinidad_tobago', 'suriname')
874	('trinidad_tobago', 'guyana')
875	('trinidad_tobago', 'venezuela')
876	('trinidad_tobago', 'colombia')
877	('trinidad_tobago', 'ecuador')
878	('trinidad_tobago', 'peru')
879	('trinidad_tobago', 'bolivia')
880	('trinidad_tobago', 'brazil')
881	('trinidad_tobago', 'paraguay')
882	('trinidad_tobago', 'uruguay')
883	('trinidad_tobago', 'argentina')
884	('trinidad_tobago', 'chile')
885	('curacao', 'aruba')
886	('curacao', 'french_guiana')
887	('curacao', 'suriname')
888	('curacao', 'guyana')
889	('curacao', 'venezuela')
890	('curacao', 'colombia')
891	('curacao', 'ecuador')
892	('curacao', 'peru')
893	('curacao', 'bolivia')
894	('curacao', 'brazil')
895	('curacao', 'paraguay')
896	('curacao', 'uruguay')
897	('curacao', 'argentina')
898	('curacao', 'chile')
899	('aruba', 'french_guiana')
900	('aruba', 'suriname')
901	('aruba', 'guyana')
902	('aruba', 'venezuela')
903	('aruba', 'colombia')
904	('aruba', 'ecuador')
905	('aruba', 'peru')
906	('aruba', 'bolivia')
907	('aruba', 'brazil')
908	('aruba', 'paraguay')
909	('aruba', 'uruguay')
910	('aruba', 'argentina')
911	('aruba', 'chile')
912	('french_guiana', 'suriname')
913	('french_guiana', 'guyana')
914	('french_guiana', 'venezuela')
915	('french_guiana', 'colombia')
916	('french_guiana', 'ecuador')
917	('french_guiana', 'peru')
918	('french_guiana', 'bolivia')
919	('french_guiana', 'brazil')
920	('french_guiana', 'paraguay')
921	('french_guiana', 'uruguay')
922	('french_guiana', 'argentina')
923	('french_guiana', 'chile')
924	('suriname', 'guyana')
925	('suriname', 'venezuela')
926	('suriname', 'colombia')
927	('suriname', 'ecuador')
928	('suriname', 'peru')
929	('suriname', 'bolivia')
930	('suriname', 'brazil')
931	('suriname', 'paraguay')
932	('suriname', 'uruguay')
933	('suriname', 'argentina')
934	('suriname', 'chile')
935	('guyana', 'venezuela')
936	('guyana', 'colombia')
937	('guyana', 'ecuador')
938	('guyana', 'peru')
939	('guyana', 'bolivia')
940	('guyana', 'brazil')
941	('guyana', 'paraguay')
942	('guyana', 'uruguay')
943	('guyana', 'argentina')
944	('guyana', 'chile')
945	('venezuela', 'colombia')
946	('venezuela', 'ecuador')
947	('venezuela', 'peru')
948	('venezuela', 'bolivia')
949	('venezuela', 'brazil')
950	('venezuela', 'paraguay')
951	('venezuela', 'uruguay')
952	('venezuela', 'argentina')
953	('venezuela', 'chile')
954	('colombia', 'ecuador')
955	('colombia', 'peru')
956	('colombia', 'bolivia')
957	('colombia', 'brazil')
958	('colombia', 'paraguay')
959	('colombia', 'uruguay')
960	('colombia', 'argentina')
961	('colombia', 'chile')
962	('ecuador', 'peru')
963	('ecuador', 'bolivia')
964	('ecuador', 'brazil')
965	('ecuador', 'paraguay')
966	('ecuador', 'uruguay')
967	('ecuador', 'argentina')
968	('ecuador', 'chile')
969	('peru', 'bolivia')
970	('peru', 'brazil')
971	('peru', 'paraguay')
972	('peru', 'uruguay')
973	('peru', 'argentina')
974	('peru', 'chile')
975	('bolivia', 'brazil')
976	('bolivia', 'paraguay')
977	('bolivia', 'uruguay')
978	('bolivia', 'argentina')
979	('bolivia', 'chile')
980	('brazil', 'paraguay')
981	('brazil', 'uruguay')
982	('brazil', 'argentina')
983	('brazil', 'chile')
984	('paraguay', 'uruguay')
985	('paraguay', 'argentina')
986	('paraguay', 'chile')
987	('uruguay', 'argentina')
988	('uruguay', 'chile')
989	('argentina', 'chile')
990	('united_states', 'canada')
991	('bermuda', 'canada')
992	('mexico', 'canada')
993	('belize', 'canada')
994	('guatemala', 'canada')
995	('honduras', 'canada')
996	('el_salvador', 'canada')
997	('nicaragua', 'canada')
998	('costa_rica', 'canada')
999	('panama', 'canada')
1000	('bahamas', 'canada')
1001	('cuba', 'canada')
1002	('turks_caicos_islands', 'canada')
1003	('cayman_islands', 'canada')
1004	('jamaica', 'canada')
1005	('haiti', 'canada')
1006	('dominican_republic', 'canada')
1007	('puerto_rico', 'canada')
1008	('united_states_virgin_islands', 'canada')
1009	('saint_kitts_nevis', 'canada')
1010	('antigua_barbuda', 'canada')
1011	('guadeloupe', 'canada')
1012	('dominica', 'canada')
1013	('martinique', 'canada')
1014	('saint_lucia', 'canada')
1015	('saint_vincent_grenadines', 'canada')
1016	('barbados', 'canada')
1017	('grenada', 'canada')
1018	('trinidad_tobago', 'canada')
1019	('curacao', 'canada')
1020	('aruba', 'canada')
1021	('french_guiana', 'canada')
1022	('suriname', 'canada')
1023	('guyana', 'canada')
1024	('venezuela', 'canada')
1025	('colombia', 'canada')
1026	('ecuador', 'canada')
1027	('peru', 'canada')
1028	('bolivia', 'canada')
1029	('brazil', 'canada')
1030	('paraguay', 'canada')
1031	('uruguay', 'canada')
1032	('argentina', 'canada')
1033	('chile', 'canada')
1034	('bermuda', 'united_states')
1035	('mexico', 'united_states')
1036	('belize', 'united_states')
1037	('guatemala', 'united_states')
1038	('honduras', 'united_states')
1039	('el_salvador', 'united_states')
1040	('nicaragua', 'united_states')
1041	('costa_rica', 'united_states')
1042	('panama', 'united_states')
1043	('bahamas', 'united_states')
1044	('cuba', 'united_states')
1045	('turks_caicos_islands', 'united_states')
1046	('cayman_islands', 'united_states')
1047	('jamaica', 'united_states')
1048	('haiti', 'united_states')
1049	('dominican_republic', 'united_states')
1050	('puerto_rico', 'united_states')
1051	('united_states_virgin_islands', 'united_states')
1052	('saint_kitts_nevis', 'united_states')
1053	('antigua_barbuda', 'united_states')
1054	('guadeloupe', 'united_states')
1055	('dominica', 'united_states')
1056	('martinique', 'united_states')
1057	('saint_lucia', 'united_states')
1058	('saint_vincent_grenadines', 'united_states')
1059	('barbados', 'united_states')
1060	('grenada', 'united_states')
1061	('trinidad_tobago', 'united_states')
1062	('curacao', 'united_states')
1063	('aruba', 'united_states')
1064	('french_guiana', 'united_states')
1065	('suriname', 'united_states')
1066	('guyana', 'united_states')
1067	('venezuela', 'united_states')
1068	('colombia', 'united_states')
1069	('ecuador', 'united_states')
1070	('peru', 'united_states')
1071	('bolivia', 'united_states')
1072	('brazil', 'united_states')
1073	('paraguay', 'united_states')
1074	('uruguay', 'united_states')
1075	('argentina', 'united_states')
1076	('chile', 'united_states')
1077	('mexico', 'bermuda')
1078	('belize', 'bermuda')
1079	('guatemala', 'bermuda')
1080	('honduras', 'bermuda')
1081	('el_salvador', 'bermuda')
1082	('nicaragua', 'bermuda')
1083	('costa_rica', 'bermuda')
1084	('panama', 'bermuda')
1085	('bahamas', 'bermuda')
1086	('cuba', 'bermuda')
1087	('turks_caicos_islands', 'bermuda')
1088	('cayman_islands', 'bermuda')
1089	('jamaica', 'bermuda')
1090	('haiti', 'bermuda')
1091	('dominican_republic', 'bermuda')
1092	('puerto_rico', 'bermuda')
1093	('united_states_virgin_islands', 'bermuda')
1094	('saint_kitts_nevis', 'bermuda')
1095	('antigua_barbuda', 'bermuda')
1096	('guadeloupe', 'bermuda')
1097	('dominica', 'bermuda')
1098	('martinique', 'bermuda')
1099	('saint_lucia', 'bermuda')
1100	('saint_vincent_grenadines', 'bermuda')
1101	('barbados', 'bermuda')
1102	('grenada', 'bermuda')
1103	('trinidad_tobago', 'bermuda')
1104	('curacao', 'bermuda')
1105	('aruba', 'bermuda')
1106	('french_guiana', 'bermuda')
1107	('suriname', 'bermuda')
1108	('guyana', 'bermuda')
1109	('venezuela', 'bermuda')
1110	('colombia', 'bermuda')
1111	('ecuador', 'bermuda')
1112	('peru', 'bermuda')
1113	('bolivia', 'bermuda')
1114	('brazil', 'bermuda')
1115	('paraguay', 'bermuda')
1116	('uruguay', 'bermuda')
1117	('argentina', 'bermuda')
1118	('chile', 'bermuda')
1119	('belize', 'mexico')
1120	('guatemala', 'mexico')
1121	('honduras', 'mexico')
1122	('el_salvador', 'mexico')
1123	('nicaragua', 'mexico')
1124	('costa_rica', 'mexico')
1125	('panama', 'mexico')
1126	('bahamas', 'mexico')
1127	('cuba', 'mexico')
1128	('turks_caicos_islands', 'mexico')
1129	('cayman_islands', 'mexico')
1130	('jamaica', 'mexico')
1131	('haiti', 'mexico')
1132	('dominican_republic', 'mexico')
1133	('puerto_rico', 'mexico')
1134	('united_states_virgin_islands', 'mexico')
1135	('saint_kitts_nevis', 'mexico')
1136	('antigua_barbuda', 'mexico')
1137	('guadeloupe', 'mexico')
1138	('dominica', 'mexico')
1139	('martinique', 'mexico')
1140	('saint_lucia', 'mexico')
1141	('saint_vincent_grenadines', 'mexico')
1142	('barbados', 'mexico')
1143	('grenada', 'mexico')
1144	('trinidad_tobago', 'mexico')
1145	('curacao', 'mexico')
1146	('aruba', 'mexico')
1147	('french_guiana', 'mexico')
1148	('suriname', 'mexico')
1149	('guyana', 'mexico')
1150	('venezuela', 'mexico')
1151	('colombia', 'mexico')
1152	('ecuador', 'mexico')
1153	('peru', 'mexico')
1154	('bolivia', 'mexico')
1155	('brazil', 'mexico')
1156	('paraguay', 'mexico')
1157	('uruguay', 'mexico')
1158	('argentina', 'mexico')
1159	('chile', 'mexico')
1160	('guatemala', 'belize')
1161	('honduras', 'belize')
1162	('el_salvador', 'belize')
1163	('nicaragua', 'belize')
1164	('costa_rica', 'belize')
1165	('panama', 'belize')
1166	('bahamas', 'belize')
1167	('cuba', 'belize')
1168	('turks_caicos_islands', 'belize')
1169	('cayman_islands', 'belize')
1170	('jamaica', 'belize')
1171	('haiti', 'belize')
1172	('dominican_republic', 'belize')
1173	('puerto_rico', 'belize')
1174	('united_states_virgin_islands', 'belize')
1175	('saint_kitts_nevis', 'belize')
1176	('antigua_barbuda', 'belize')
1177	('guadeloupe', 'belize')
1178	('dominica', 'belize')
1179	('martinique', 'belize')
1180	('saint_lucia', 'belize')
1181	('saint_vincent_grenadines', 'belize')
1182	('barbados', 'belize')
1183	('grenada', 'belize')
1184	('trinidad_tobago', 'belize')
1185	('curacao', 'belize')
1186	('aruba', 'belize')
1187	('french_guiana', 'belize')
1188	('suriname', 'belize')
1189	('guyana', 'belize')
1190	('venezuela', 'belize')
1191	('colombia', 'belize')
1192	('ecuador', 'belize')
1193	('peru', 'belize')
1194	('bolivia', 'belize')
1195	('brazil', 'belize')
1196	('paraguay', 'belize')
1197	('uruguay', 'belize')
1198	('argentina', 'belize')
1199	('chile', 'belize')
1200	('honduras', 'guatemala')
1201	('el_salvador', 'guatemala')
1202	('nicaragua', 'guatemala')
1203	('costa_rica', 'guatemala')
1204	('panama', 'guatemala')
1205	('bahamas', 'guatemala')
1206	('cuba', 'guatemala')
1207	('turks_caicos_islands', 'guatemala')
1208	('cayman_islands', 'guatemala')
1209	('jamaica', 'guatemala')
1210	('haiti', 'guatemala')
1211	('dominican_republic', 'guatemala')
1212	('puerto_rico', 'guatemala')
1213	('united_states_virgin_islands', 'guatemala')
1214	('saint_kitts_nevis', 'guatemala')
1215	('antigua_barbuda', 'guatemala')
1216	('guadeloupe', 'guatemala')
1217	('dominica', 'guatemala')
1218	('martinique', 'guatemala')
1219	('saint_lucia', 'guatemala')
1220	('saint_vincent_grenadines', 'guatemala')
1221	('barbados', 'guatemala')
1222	('grenada', 'guatemala')
1223	('trinidad_tobago', 'guatemala')
1224	('curacao', 'guatemala')
1225	('aruba', 'guatemala')
1226	('french_guiana', 'guatemala')
1227	('suriname', 'guatemala')
1228	('guyana', 'guatemala')
1229	('venezuela', 'guatemala')
1230	('colombia', 'guatemala')
1231	('ecuador', 'guatemala')
1232	('peru', 'guatemala')
1233	('bolivia', 'guatemala')
1234	('brazil', 'guatemala')
1235	('paraguay', 'guatemala')
1236	('uruguay', 'guatemala')
1237	('argentina', 'guatemala')
1238	('chile', 'guatemala')
1239	('el_salvador', 'honduras')
1240	('nicaragua', 'honduras')
1241	('costa_rica', 'honduras')
1242	('panama', 'honduras')
1243	('bahamas', 'honduras')
1244	('cuba', 'honduras')
1245	('turks_caicos_islands', 'honduras')
1246	('cayman_islands', 'honduras')
1247	('jamaica', 'honduras')
1248	('haiti', 'honduras')
1249	('dominican_republic', 'honduras')
1250	('puerto_rico', 'honduras')
1251	('united_states_virgin_islands', 'honduras')
1252	('saint_kitts_nevis', 'honduras')
1253	('antigua_barbuda', 'honduras')
1254	('guadeloupe', 'honduras')
1255	('dominica', 'honduras')
1256	('martinique', 'honduras')
1257	('saint_lucia', 'honduras')
1258	('saint_vincent_grenadines', 'honduras')
1259	('barbados', 'honduras')
1260	('grenada', 'honduras')
1261	('trinidad_tobago', 'honduras')
1262	('curacao', 'honduras')
1263	('aruba', 'honduras')
1264	('french_guiana', 'honduras')
1265	('suriname', 'honduras')
1266	('guyana', 'honduras')
1267	('venezuela', 'honduras')
1268	('colombia', 'honduras')
1269	('ecuador', 'honduras')
1270	('peru', 'honduras')
1271	('bolivia', 'honduras')
1272	('brazil', 'honduras')
1273	('paraguay', 'honduras')
1274	('uruguay', 'honduras')
1275	('argentina', 'honduras')
1276	('chile', 'honduras')
1277	('nicaragua', 'el_salvador')
1278	('costa_rica', 'el_salvador')
1279	('panama', 'el_salvador')
1280	('bahamas', 'el_salvador')
1281	('cuba', 'el_salvador')
1282	('turks_caicos_islands', 'el_salvador')
1283	('cayman_islands', 'el_salvador')
1284	('jamaica', 'el_salvador')
1285	('haiti', 'el_salvador')
1286	('dominican_republic', 'el_salvador')
1287	('puerto_rico', 'el_salvador')
1288	('united_states_virgin_islands', 'el_salvador')
1289	('saint_kitts_nevis', 'el_salvador')
1290	('antigua_barbuda', 'el_salvador')
1291	('guadeloupe', 'el_salvador')
1292	('dominica', 'el_salvador')
1293	('martinique', 'el_salvador')
1294	('saint_lucia', 'el_salvador')
1295	('saint_vincent_grenadines', 'el_salvador')
1296	('barbados', 'el_salvador')
1297	('grenada', 'el_salvador')
1298	('trinidad_tobago', 'el_salvador')
1299	('curacao', 'el_salvador')
1300	('aruba', 'el_salvador')
1301	('french_guiana', 'el_salvador')
1302	('suriname', 'el_salvador')
1303	('guyana', 'el_salvador')
1304	('venezuela', 'el_salvador')
1305	('colombia', 'el_salvador')
1306	('ecuador', 'el_salvador')
1307	('peru', 'el_salvador')
1308	('bolivia', 'el_salvador')
1309	('brazil', 'el_salvador')
1310	('paraguay', 'el_salvador')
1311	('uruguay', 'el_salvador')
1312	('argentina', 'el_salvador')
1313	('chile', 'el_salvador')
1314	('costa_rica', 'nicaragua')
1315	('panama', 'nicaragua')
1316	('bahamas', 'nicaragua')
1317	('cuba', 'nicaragua')
1318	('turks_caicos_islands', 'nicaragua')
1319	('cayman_islands', 'nicaragua')
1320	('jamaica', 'nicaragua')
1321	('haiti', 'nicaragua')
1322	('dominican_republic', 'nicaragua')
1323	('puerto_rico', 'nicaragua')
1324	('united_states_virgin_islands', 'nicaragua')
1325	('saint_kitts_nevis', 'nicaragua')
1326	('antigua_barbuda', 'nicaragua')
1327	('guadeloupe', 'nicaragua')
1328	('dominica', 'nicaragua')
1329	('martinique', 'nicaragua')
1330	('saint_lucia', 'nicaragua')
1331	('saint_vincent_grenadines', 'nicaragua')
1332	('barbados', 'nicaragua')
1333	('grenada', 'nicaragua')
1334	('trinidad_tobago', 'nicaragua')
1335	('curacao', 'nicaragua')
1336	('aruba', 'nicaragua')
1337	('french_guiana', 'nicaragua')
1338	('suriname', 'nicaragua')
1339	('guyana', 'nicaragua')
1340	('venezuela', 'nicaragua')
1341	('colombia', 'nicaragua')
1342	('ecuador', 'nicaragua')
1343	('peru', 'nicaragua')
1344	('bolivia', 'nicaragua')
1345	('brazil', 'nicaragua')
1346	('paraguay', 'nicaragua')
1347	('uruguay', 'nicaragua')
1348	('argentina', 'nicaragua')
1349	('chile', 'nicaragua')
1350	('panama', 'costa_rica')
1351	('bahamas', 'costa_rica')
1352	('cuba', 'costa_rica')
1353	('turks_caicos_islands', 'costa_rica')
1354	('cayman_islands', 'costa_rica')
1355	('jamaica', 'costa_rica')
1356	('haiti', 'costa_rica')
1357	('dominican_republic', 'costa_rica')
1358	('puerto_rico', 'costa_rica')
1359	('united_states_virgin_islands', 'costa_rica')
1360	('saint_kitts_nevis', 'costa_rica')
1361	('antigua_barbuda', 'costa_rica')
1362	('guadeloupe', 'costa_rica')
1363	('dominica', 'costa_rica')
1364	('martinique', 'costa_rica')
1365	('saint_lucia', 'costa_rica')
1366	('saint_vincent_grenadines', 'costa_rica')
1367	('barbados', 'costa_rica')
1368	('grenada', 'costa_rica')
1369	('trinidad_tobago', 'costa_rica')
1370	('curacao', 'costa_rica')
1371	('aruba', 'costa_rica')
1372	('french_guiana', 'costa_rica')
1373	('suriname', 'costa_rica')
1374	('guyana', 'costa_rica')
1375	('venezuela', 'costa_rica')
1376	('colombia', 'costa_rica')
1377	('ecuador', 'costa_rica')
1378	('peru', 'costa_rica')
1379	('bolivia', 'costa_rica')
1380	('brazil', 'costa_rica')
1381	('paraguay', 'costa_rica')
1382	('uruguay', 'costa_rica')
1383	('argentina', 'costa_rica')
1384	('chile', 'costa_rica')
1385	('bahamas', 'panama')
1386	('cuba', 'panama')
1387	('turks_caicos_islands', 'panama')
1388	('cayman_islands', 'panama')
1389	('jamaica', 'panama')
1390	('haiti', 'panama')
1391	('dominican_republic', 'panama')
1392	('puerto_rico', 'panama')
1393	('united_states_virgin_islands', 'panama')
1394	('saint_kitts_nevis', 'panama')
1395	('antigua_barbuda', 'panama')
1396	('guadeloupe', 'panama')
1397	('dominica', 'panama')
1398	('martinique', 'panama')
1399	('saint_lucia', 'panama')
1400	('saint_vincent_grenadines', 'panama')
1401	('barbados', 'panama')
1402	('grenada', 'panama')
1403	('trinidad_tobago', 'panama')
1404	('curacao', 'panama')
1405	('aruba', 'panama')
1406	('french_guiana', 'panama')
1407	('suriname', 'panama')
1408	('guyana', 'panama')
1409	('venezuela', 'panama')
1410	('colombia', 'panama')
1411	('ecuador', 'panama')
1412	('peru', 'panama')
1413	('bolivia', 'panama')
1414	('brazil', 'panama')
1415	('paraguay', 'panama')
1416	('uruguay', 'panama')
1417	('argentina', 'panama')
1418	('chile', 'panama')
1419	('cuba', 'bahamas')
1420	('turks_caicos_islands', 'bahamas')
1421	('cayman_islands', 'bahamas')
1422	('jamaica', 'bahamas')
1423	('haiti', 'bahamas')
1424	('dominican_republic', 'bahamas')
1425	('puerto_rico', 'bahamas')
1426	('united_states_virgin_islands', 'bahamas')
1427	('saint_kitts_nevis', 'bahamas')
1428	('antigua_barbuda', 'bahamas')
1429	('guadeloupe', 'bahamas')
1430	('dominica', 'bahamas')
1431	('martinique', 'bahamas')
1432	('saint_lucia', 'bahamas')
1433	('saint_vincent_grenadines', 'bahamas')
1434	('barbados', 'bahamas')
1435	('grenada', 'bahamas')
1436	('trinidad_tobago', 'bahamas')
1437	('curacao', 'bahamas')
1438	('aruba', 'bahamas')
1439	('french_guiana', 'bahamas')
1440	('suriname', 'bahamas')
1441	('guyana', 'bahamas')
1442	('venezuela', 'bahamas')
1443	('colombia', 'bahamas')
1444	('ecuador', 'bahamas')
1445	('peru', 'bahamas')
1446	('bolivia', 'bahamas')
1447	('brazil', 'bahamas')
1448	('paraguay', 'bahamas')
1449	('uruguay', 'bahamas')
1450	('argentina', 'bahamas')
1451	('chile', 'bahamas')
1452	('turks_caicos_islands', 'cuba')
1453	('cayman_islands', 'cuba')
1454	('jamaica', 'cuba')
1455	('haiti', 'cuba')
1456	('dominican_republic', 'cuba')
1457	('puerto_rico', 'cuba')
1458	('united_states_virgin_islands', 'cuba')
1459	('saint_kitts_nevis', 'cuba')
1460	('antigua_barbuda', 'cuba')
1461	('guadeloupe', 'cuba')
1462	('dominica', 'cuba')
1463	('martinique', 'cuba')
1464	('saint_lucia', 'cuba')
1465	('saint_vincent_grenadines', 'cuba')
1466	('barbados', 'cuba')
1467	('grenada', 'cuba')
1468	('trinidad_tobago', 'cuba')
1469	('curacao', 'cuba')
1470	('aruba', 'cuba')
1471	('french_guiana', 'cuba')
1472	('suriname', 'cuba')
1473	('guyana', 'cuba')
1474	('venezuela', 'cuba')
1475	('colombia', 'cuba')
1476	('ecuador', 'cuba')
1477	('peru', 'cuba')
1478	('bolivia', 'cuba')
1479	('brazil', 'cuba')
1480	('paraguay', 'cuba')
1481	('uruguay', 'cuba')
1482	('argentina', 'cuba')
1483	('chile', 'cuba')
1484	('cayman_islands', 'turks_caicos_islands')
1485	('jamaica', 'turks_caicos_islands')
1486	('haiti', 'turks_caicos_islands')
1487	('dominican_republic', 'turks_caicos_islands')
1488	('puerto_rico', 'turks_caicos_islands')
1489	('united_states_virgin_islands', 'turks_caicos_islands')
1490	('saint_kitts_nevis', 'turks_caicos_islands')
1491	('antigua_barbuda', 'turks_caicos_islands')
1492	('guadeloupe', 'turks_caicos_islands')
1493	('dominica', 'turks_caicos_islands')
1494	('martinique', 'turks_caicos_islands')
1495	('saint_lucia', 'turks_caicos_islands')
1496	('saint_vincent_grenadines', 'turks_caicos_islands')
1497	('barbados', 'turks_caicos_islands')
1498	('grenada', 'turks_caicos_islands')
1499	('trinidad_tobago', 'turks_caicos_islands')
1500	('curacao', 'turks_caicos_islands')
1501	('aruba', 'turks_caicos_islands')
1502	('french_guiana', 'turks_caicos_islands')
1503	('suriname', 'turks_caicos_islands')
1504	('guyana', 'turks_caicos_islands')
1505	('venezuela', 'turks_caicos_islands')
1506	('colombia', 'turks_caicos_islands')
1507	('ecuador', 'turks_caicos_islands')
1508	('peru', 'turks_caicos_islands')
1509	('bolivia', 'turks_caicos_islands')
1510	('brazil', 'turks_caicos_islands')
1511	('paraguay', 'turks_caicos_islands')
1512	('uruguay', 'turks_caicos_islands')
1513	('argentina', 'turks_caicos_islands')
1514	('chile', 'turks_caicos_islands')
1515	('jamaica', 'cayman_islands')
1516	('haiti', 'cayman_islands')
1517	('dominican_republic', 'cayman_islands')
1518	('puerto_rico', 'cayman_islands')
1519	('united_states_virgin_islands', 'cayman_islands')
1520	('saint_kitts_nevis', 'cayman_islands')
1521	('antigua_barbuda', 'cayman_islands')
1522	('guadeloupe', 'cayman_islands')
1523	('dominica', 'cayman_islands')
1524	('martinique', 'cayman_islands')
1525	('saint_lucia', 'cayman_islands')
1526	('saint_vincent_grenadines', 'cayman_islands')
1527	('barbados', 'cayman_islands')
1528	('grenada', 'cayman_islands')
1529	('trinidad_tobago', 'cayman_islands')
1530	('curacao', 'cayman_islands')
1531	('aruba', 'cayman_islands')
1532	('french_guiana', 'cayman_islands')
1533	('suriname', 'cayman_islands')
1534	('guyana', 'cayman_islands')
1535	('venezuela', 'cayman_islands')
1536	('colombia', 'cayman_islands')
1537	('ecuador', 'cayman_islands')
1538	('peru', 'cayman_islands')
1539	('bolivia', 'cayman_islands')
1540	('brazil', 'cayman_islands')
1541	('paraguay', 'cayman_islands')
1542	('uruguay', 'cayman_islands')
1543	('argentina', 'cayman_islands')
1544	('chile', 'cayman_islands')
1545	('haiti', 'jamaica')
1546	('dominican_republic', 'jamaica')
1547	('puerto_rico', 'jamaica')
1548	('united_states_virgin_islands', 'jamaica')
1549	('saint_kitts_nevis', 'jamaica')
1550	('antigua_barbuda', 'jamaica')
1551	('guadeloupe', 'jamaica')
1552	('dominica', 'jamaica')
1553	('martinique', 'jamaica')
1554	('saint_lucia', 'jamaica')
1555	('saint_vincent_grenadines', 'jamaica')
1556	('barbados', 'jamaica')
1557	('grenada', 'jamaica')
1558	('trinidad_tobago', 'jamaica')
1559	('curacao', 'jamaica')
1560	('aruba', 'jamaica')
1561	('french_guiana', 'jamaica')
1562	('suriname', 'jamaica')
1563	('guyana', 'jamaica')
1564	('venezuela', 'jamaica')
1565	('colombia', 'jamaica')
1566	('ecuador', 'jamaica')
1567	('peru', 'jamaica')
1568	('bolivia', 'jamaica')
1569	('brazil', 'jamaica')
1570	('paraguay', 'jamaica')
1571	('uruguay', 'jamaica')
1572	('argentina', 'jamaica')
1573	('chile', 'jamaica')
1574	('dominican_republic', 'haiti')
1575	('puerto_rico', 'haiti')
1576	('united_states_virgin_islands', 'haiti')
1577	('saint_kitts_nevis', 'haiti')
1578	('antigua_barbuda', 'haiti')
1579	('guadeloupe', 'haiti')
1580	('dominica', 'haiti')
1581	('martinique', 'haiti')
1582	('saint_lucia', 'haiti')
1583	('saint_vincent_grenadines', 'haiti')
1584	('barbados', 'haiti')
1585	('grenada', 'haiti')
1586	('trinidad_tobago', 'haiti')
1587	('curacao', 'haiti')
1588	('aruba', 'haiti')
1589	('french_guiana', 'haiti')
1590	('suriname', 'haiti')
1591	('guyana', 'haiti')
1592	('venezuela', 'haiti')
1593	('colombia', 'haiti')
1594	('ecuador', 'haiti')
1595	('peru', 'haiti')
1596	('bolivia', 'haiti')
1597	('brazil', 'haiti')
1598	('paraguay', 'haiti')
1599	('uruguay', 'haiti')
1600	('argentina', 'haiti')
1601	('chile', 'haiti')
1602	('puerto_rico', 'dominican_republic')
1603	('united_states_virgin_islands', 'dominican_republic')
1604	('saint_kitts_nevis', 'dominican_republic')
1605	('antigua_barbuda', 'dominican_republic')
1606	('guadeloupe', 'dominican_republic')
1607	('dominica', 'dominican_republic')
1608	('martinique', 'dominican_republic')
1609	('saint_lucia', 'dominican_republic')
1610	('saint_vincent_grenadines', 'dominican_republic')
1611	('barbados', 'dominican_republic')
1612	('grenada', 'dominican_republic')
1613	('trinidad_tobago', 'dominican_republic')
1614	('curacao', 'dominican_republic')
1615	('aruba', 'dominican_republic')
1616	('french_guiana', 'dominican_republic')
1617	('suriname', 'dominican_republic')
1618	('guyana', 'dominican_republic')
1619	('venezuela', 'dominican_republic')
1620	('colombia', 'dominican_republic')
1621	('ecuador', 'dominican_republic')
1622	('peru', 'dominican_republic')
1623	('bolivia', 'dominican_republic')
1624	('brazil', 'dominican_republic')
1625	('paraguay', 'dominican_republic')
1626	('uruguay', 'dominican_republic')
1627	('argentina', 'dominican_republic')
1628	('chile', 'dominican_republic')
1629	('united_states_virgin_islands', 'puerto_rico')
1630	('saint_kitts_nevis', 'puerto_rico')
1631	('antigua_barbuda', 'puerto_rico')
1632	('guadeloupe', 'puerto_rico')
1633	('dominica', 'puerto_rico')
1634	('martinique', 'puerto_rico')
1635	('saint_lucia', 'puerto_rico')
1636	('saint_vincent_grenadines', 'puerto_rico')
1637	('barbados', 'puerto_rico')
1638	('grenada', 'puerto_rico')
1639	('trinidad_tobago', 'puerto_rico')
1640	('curacao', 'puerto_rico')
1641	('aruba', 'puerto_rico')
1642	('french_guiana', 'puerto_rico')
1643	('suriname', 'puerto_rico')
1644	('guyana', 'puerto_rico')
1645	('venezuela', 'puerto_rico')
1646	('colombia', 'puerto_rico')
1647	('ecuador', 'puerto_rico')
1648	('peru', 'puerto_rico')
1649	('bolivia', 'puerto_rico')
1650	('brazil', 'puerto_rico')
1651	('paraguay', 'puerto_rico')
1652	('uruguay', 'puerto_rico')
1653	('argentina', 'puerto_rico')
1654	('chile', 'puerto_rico')
1655	('saint_kitts_nevis', 'united_states_virgin_islands')
1656	('antigua_barbuda', 'united_states_virgin_islands')
1657	('guadeloupe', 'united_states_virgin_islands')
1658	('dominica', 'united_states_virgin_islands')
1659	('martinique', 'united_states_virgin_islands')
1660	('saint_lucia', 'united_states_virgin_islands')
1661	('saint_vincent_grenadines', 'united_states_virgin_islands')
1662	('barbados', 'united_states_virgin_islands')
1663	('grenada', 'united_states_virgin_islands')
1664	('trinidad_tobago', 'united_states_virgin_islands')
1665	('curacao', 'united_states_virgin_islands')
1666	('aruba', 'united_states_virgin_islands')
1667	('french_guiana', 'united_states_virgin_islands')
1668	('suriname', 'united_states_virgin_islands')
1669	('guyana', 'united_states_virgin_islands')
1670	('venezuela', 'united_states_virgin_islands')
1671	('colombia', 'united_states_virgin_islands')
1672	('ecuador', 'united_states_virgin_islands')
1673	('peru', 'united_states_virgin_islands')
1674	('bolivia', 'united_states_virgin_islands')
1675	('brazil', 'united_states_virgin_islands')
1676	('paraguay', 'united_states_virgin_islands')
1677	('uruguay', 'united_states_virgin_islands')
1678	('argentina', 'united_states_virgin_islands')
1679	('chile', 'united_states_virgin_islands')
1680	('antigua_barbuda', 'saint_kitts_nevis')
1681	('guadeloupe', 'saint_kitts_nevis')
1682	('dominica', 'saint_kitts_nevis')
1683	('martinique', 'saint_kitts_nevis')
1684	('saint_lucia', 'saint_kitts_nevis')
1685	('saint_vincent_grenadines', 'saint_kitts_nevis')
1686	('barbados', 'saint_kitts_nevis')
1687	('grenada', 'saint_kitts_nevis')
1688	('trinidad_tobago', 'saint_kitts_nevis')
1689	('curacao', 'saint_kitts_nevis')
1690	('aruba', 'saint_kitts_nevis')
1691	('french_guiana', 'saint_kitts_nevis')
1692	('suriname', 'saint_kitts_nevis')
1693	('guyana', 'saint_kitts_nevis')
1694	('venezuela', 'saint_kitts_nevis')
1695	('colombia', 'saint_kitts_nevis')
1696	('ecuador', 'saint_kitts_nevis')
1697	('peru', 'saint_kitts_nevis')
1698	('bolivia', 'saint_kitts_nevis')
1699	('brazil', 'saint_kitts_nevis')
1700	('paraguay', 'saint_kitts_nevis')
1701	('uruguay', 'saint_kitts_nevis')
1702	('argentina', 'saint_kitts_nevis')
1703	('chile', 'saint_kitts_nevis')
1704	('guadeloupe', 'antigua_barbuda')
1705	('dominica', 'antigua_barbuda')
1706	('martinique', 'antigua_barbuda')
1707	('saint_lucia', 'antigua_barbuda')
1708	('saint_vincent_grenadines', 'antigua_barbuda')
1709	('barbados', 'antigua_barbuda')
1710	('grenada', 'antigua_barbuda')
1711	('trinidad_tobago', 'antigua_barbuda')
1712	('curacao', 'antigua_barbuda')
1713	('aruba', 'antigua_barbuda')
1714	('french_guiana', 'antigua_barbuda')
1715	('suriname', 'antigua_barbuda')
1716	('guyana', 'antigua_barbuda')
1717	('venezuela', 'antigua_barbuda')
1718	('colombia', 'antigua_barbuda')
1719	('ecuador', 'antigua_barbuda')
1720	('peru', 'antigua_barbuda')
1721	('bolivia', 'antigua_barbuda')
1722	('brazil', 'antigua_barbuda')
1723	('paraguay', 'antigua_barbuda')
1724	('uruguay', 'antigua_barbuda')
1725	('argentina', 'antigua_barbuda')
1726	('chile', 'antigua_barbuda')
1727	('dominica', 'guadeloupe')
1728	('martinique', 'guadeloupe')
1729	('saint_lucia', 'guadeloupe')
1730	('saint_vincent_grenadines', 'guadeloupe')
1731	('barbados', 'guadeloupe')
1732	('grenada', 'guadeloupe')
1733	('trinidad_tobago', 'guadeloupe')
1734	('curacao', 'guadeloupe')
1735	('aruba', 'guadeloupe')
1736	('french_guiana', 'guadeloupe')
1737	('suriname', 'guadeloupe')
1738	('guyana', 'guadeloupe')
1739	('venezuela', 'guadeloupe')
1740	('colombia', 'guadeloupe')
1741	('ecuador', 'guadeloupe')
1742	('peru', 'guadeloupe')
1743	('bolivia', 'guadeloupe')
1744	('brazil', 'guadeloupe')
1745	('paraguay', 'guadeloupe')
1746	('uruguay', 'guadeloupe')
1747	('argentina', 'guadeloupe')
1748	('chile', 'guadeloupe')
1749	('martinique', 'dominica')
1750	('saint_lucia', 'dominica')
1751	('saint_vincent_grenadines', 'dominica')
1752	('barbados', 'dominica')
1753	('grenada', 'dominica')
1754	('trinidad_tobago', 'dominica')
1755	('curacao', 'dominica')
1756	('aruba', 'dominica')
1757	('french_guiana', 'dominica')
1758	('suriname', 'dominica')
1759	('guyana', 'dominica')
1760	('venezuela', 'dominica')
1761	('colombia', 'dominica')
1762	('ecuador', 'dominica')
1763	('peru', 'dominica')
1764	('bolivia', 'dominica')
1765	('brazil', 'dominica')
1766	('paraguay', 'dominica')
1767	('uruguay', 'dominica')
1768	('argentina', 'dominica')
1769	('chile', 'dominica')
1770	('saint_lucia', 'martinique')
1771	('saint_vincent_grenadines', 'martinique')
1772	('barbados', 'martinique')
1773	('grenada', 'martinique')
1774	('trinidad_tobago', 'martinique')
1775	('curacao', 'martinique')
1776	('aruba', 'martinique')
1777	('french_guiana', 'martinique')
1778	('suriname', 'martinique')
1779	('guyana', 'martinique')
1780	('venezuela', 'martinique')
1781	('colombia', 'martinique')
1782	('ecuador', 'martinique')
1783	('peru', 'martinique')
1784	('bolivia', 'martinique')
1785	('brazil', 'martinique')
1786	('paraguay', 'martinique')
1787	('uruguay', 'martinique')
1788	('argentina', 'martinique')
1789	('chile', 'martinique')
1790	('saint_vincent_grenadines', 'saint_lucia')
1791	('barbados', 'saint_lucia')
1792	('grenada', 'saint_lucia')
1793	('trinidad_tobago', 'saint_lucia')
1794	('curacao', 'saint_lucia')
1795	('aruba', 'saint_lucia')
1796	('french_guiana', 'saint_lucia')
1797	('suriname', 'saint_lucia')
1798	('guyana', 'saint_lucia')
1799	('venezuela', 'saint_lucia')
1800	('colombia', 'saint_lucia')
1801	('ecuador', 'saint_lucia')
1802	('peru', 'saint_lucia')
1803	('bolivia', 'saint_lucia')
1804	('brazil', 'saint_lucia')
1805	('paraguay', 'saint_lucia')
1806	('uruguay', 'saint_lucia')
1807	('argentina', 'saint_lucia')
1808	('chile', 'saint_lucia')
1809	('barbados', 'saint_vincent_grenadines')
1810	('grenada', 'saint_vincent_grenadines')
1811	('trinidad_tobago', 'saint_vincent_grenadines')
1812	('curacao', 'saint_vincent_grenadines')
1813	('aruba', 'saint_vincent_grenadines')
1814	('french_guiana', 'saint_vincent_grenadines')
1815	('suriname', 'saint_vincent_grenadines')
1816	('guyana', 'saint_vincent_grenadines')
1817	('venezuela', 'saint_vincent_grenadines')
1818	('colombia', 'saint_vincent_grenadines')
1819	('ecuador', 'saint_vincent_grenadines')
1820	('peru', 'saint_vincent_grenadines')
1821	('bolivia', 'saint_vincent_grenadines')
1822	('brazil', 'saint_vincent_grenadines')
1823	('paraguay', 'saint_vincent_grenadines')
1824	('uruguay', 'saint_vincent_grenadines')
1825	('argentina', 'saint_vincent_grenadines')
1826	('chile', 'saint_vincent_grenadines')
1827	('grenada', 'barbados')
1828	('trinidad_tobago', 'barbados')
1829	('curacao', 'barbados')
1830	('aruba', 'barbados')
1831	('french_guiana', 'barbados')
1832	('suriname', 'barbados')
1833	('guyana', 'barbados')
1834	('venezuela', 'barbados')
1835	('colombia', 'barbados')
1836	('ecuador', 'barbados')
1837	('peru', 'barbados')
1838	('bolivia', 'barbados')
1839	('brazil', 'barbados')
1840	('paraguay', 'barbados')
1841	('uruguay', 'barbados')
1842	('argentina', 'barbados')
1843	('chile', 'barbados')
1844	('trinidad_tobago', 'grenada')
1845	('curacao', 'grenada')
1846	('aruba', 'grenada')
1847	('french_guiana', 'grenada')
1848	('suriname', 'grenada')
1849	('guyana', 'grenada')
1850	('venezuela', 'grenada')
1851	('colombia', 'grenada')
1852	('ecuador', 'grenada')
1853	('peru', 'grenada')
1854	('bolivia', 'grenada')
1855	('brazil', 'grenada')
1856	('paraguay', 'grenada')
1857	('uruguay', 'grenada')
1858	('argentina', 'grenada')
1859	('chile', 'grenada')
1860	('curacao', 'trinidad_tobago')
1861	('aruba', 'trinidad_tobago')
1862	('french_guiana', 'trinidad_tobago')
1863	('suriname', 'trinidad_tobago')
1864	('guyana', 'trinidad_tobago')
1865	('venezuela', 'trinidad_tobago')
1866	('colombia', 'trinidad_tobago')
1867	('ecuador', 'trinidad_tobago')
1868	('peru', 'trinidad_tobago')
1869	('bolivia', 'trinidad_tobago')
1870	('brazil', 'trinidad_tobago')
1871	('paraguay', 'trinidad_tobago')
1872	('uruguay', 'trinidad_tobago')
1873	('argentina', 'trinidad_tobago')
1874	('chile', 'trinidad_tobago')
1875	('aruba', 'curacao')
1876	('french_guiana', 'curacao')
1877	('suriname', 'curacao')
1878	('guyana', 'curacao')
1879	('venezuela', 'curacao')
1880	('colombia', 'curacao')
1881	('ecuador', 'curacao')
1882	('peru', 'curacao')
1883	('bolivia', 'curacao')
1884	('brazil', 'curacao')
1885	('paraguay', 'curacao')
1886	('uruguay', 'curacao')
1887	('argentina', 'curacao')
1888	('chile', 'curacao')
1889	('french_guiana', 'aruba')
1890	('suriname', 'aruba')
1891	('guyana', 'aruba')
1892	('venezuela', 'aruba')
1893	('colombia', 'aruba')
1894	('ecuador', 'aruba')
1895	('peru', 'aruba')
1896	('bolivia', 'aruba')
1897	('brazil', 'aruba')
1898	('paraguay', 'aruba')
1899	('uruguay', 'aruba')
1900	('argentina', 'aruba')
1901	('chile', 'aruba')
1902	('suriname', 'french_guiana')
1903	('guyana', 'french_guiana')
1904	('venezuela', 'french_guiana')
1905	('colombia', 'french_guiana')
1906	('ecuador', 'french_guiana')
1907	('peru', 'french_guiana')
1908	('bolivia', 'french_guiana')
1909	('brazil', 'french_guiana')
1910	('paraguay', 'french_guiana')
1911	('uruguay', 'french_guiana')
1912	('argentina', 'french_guiana')
1913	('chile', 'french_guiana')
1914	('guyana', 'suriname')
1915	('venezuela', 'suriname')
1916	('colombia', 'suriname')
1917	('ecuador', 'suriname')
1918	('peru', 'suriname')
1919	('bolivia', 'suriname')
1920	('brazil', 'suriname')
1921	('paraguay', 'suriname')
1922	('uruguay', 'suriname')
1923	('argentina', 'suriname')
1924	('chile', 'suriname')
1925	('venezuela', 'guyana')
1926	('colombia', 'guyana')
1927	('ecuador', 'guyana')
1928	('peru', 'guyana')
1929	('bolivia', 'guyana')
1930	('brazil', 'guyana')
1931	('paraguay', 'guyana')
1932	('uruguay', 'guyana')
1933	('argentina', 'guyana')
1934	('chile', 'guyana')
1935	('colombia', 'venezuela')
1936	('ecuador', 'venezuela')
1937	('peru', 'venezuela')
1938	('bolivia', 'venezuela')
1939	('brazil', 'venezuela')
1940	('paraguay', 'venezuela')
1941	('uruguay', 'venezuela')
1942	('argentina', 'venezuela')
1943	('chile', 'venezuela')
1944	('ecuador', 'colombia')
1945	('peru', 'colombia')
1946	('bolivia', 'colombia')
1947	('brazil', 'colombia')
1948	('paraguay', 'colombia')
1949	('uruguay', 'colombia')
1950	('argentina', 'colombia')
1951	('chile', 'colombia')
1952	('peru', 'ecuador')
1953	('bolivia', 'ecuador')
1954	('brazil', 'ecuador')
1955	('paraguay', 'ecuador')
1956	('uruguay', 'ecuador')
1957	('argentina', 'ecuador')
1958	('chile', 'ecuador')
1959	('bolivia', 'peru')
1960	('brazil', 'peru')
1961	('paraguay', 'peru')
1962	('uruguay', 'peru')
1963	('argentina', 'peru')
1964	('chile', 'peru')
1965	('brazil', 'bolivia')
1966	('paraguay', 'bolivia')
1967	('uruguay', 'bolivia')
1968	('argentina', 'bolivia')
1969	('chile', 'bolivia')
1970	('paraguay', 'brazil')
1971	('uruguay', 'brazil')
1972	('argentina', 'brazil')
1973	('chile', 'brazil')
1974	('uruguay', 'paraguay')
1975	('argentina', 'paraguay')
1976	('chile', 'paraguay')
1977	('argentina', 'uruguay')
1978	('chile', 'uruguay')
1979	('chile', 'argentina')
